City_ID,City,Lat,Lng,Max Temp,Humidity,Cloudiness,Wind Speed,Country,Date
0,Durazno,-33.4131,-56.5006,90.73,23,51,13.85,UY,2023-01-10 22:22:30
1,Puerto Ayora,-0.7393,-90.3518,75.54,87,22,4.0,EC,2023-01-10 22:20:07
2,Batagay-Alyta,67.8006,130.4114,-38.33,96,96,1.32,RU,2023-01-10 22:18:28
3,Kruisfontein,-34.0033,24.7314,67.89,88,15,4.14,ZA,2023-01-10 22:22:31
4,Tuktoyaktuk,69.4541,-133.0374,-29.2,75,20,5.75,CA,2023-01-10 22:22:31
5,Sitka,57.0531,-135.33,42.69,61,75,4.61,US,2023-01-10 22:22:32
6,Neiafu,-18.65,-173.9833,83.08,83,75,10.36,TO,2023-01-10 22:22:32
7,Atuona,-9.8,-139.0333,79.07,67,4,13.49,PF,2023-01-10 22:22:32
8,Juneau,58.3019,-134.4197,34.11,97,40,0.0,US,2023-01-10 22:18:40
9,Lebu,-37.6167,-73.65,58.68,68,0,20.09,CL,2023-01-10 22:22:33
10,Ushuaia,-54.8,-68.3,56.86,58,20,12.66,AR,2023-01-10 22:22:33
11,Punta Arenas,-53.15,-70.9167,55.51,67,0,12.66,CL,2023-01-10 22:22:33
12,Nueva Guinea,11.6876,-84.4562,75.78,87,42,9.22,NI,2023-01-10 22:22:34
13,Gorbehaza,47.8333,21.2333,42.98,79,100,18.5,HU,2023-01-10 22:22:34
14,Sile,41.1754,29.6133,56.57,48,100,3.0,TR,2023-01-10 22:22:34
15,Hilo,19.7297,-155.09,87.28,61,40,9.22,US,2023-01-10 22:22:34
16,Roald,62.5833,6.1333,47.32,53,0,5.75,NO,2023-01-10 22:22:35
17,Cayenne,4.9333,-52.3333,73.44,100,75,5.75,GF,2023-01-10 22:22:35
18,Avarua,-21.2078,-159.775,78.85,94,75,13.8,CK,2023-01-10 22:22:25
19,Baghdad,33.3406,44.4009,44.51,100,0,6.91,IQ,2023-01-10 22:20:38
20,Albany,42.6001,-73.9662,32.65,71,76,5.21,US,2023-01-10 22:20:53
21,New Norfolk,-42.7826,147.0587,65.91,63,96,1.01,AU,2023-01-10 22:22:35
22,Tagusao,9.1924,117.8141,77.2,80,100,1.32,PH,2023-01-10 22:22:36
23,Chone,-0.6833,-80.1,79.48,75,89,8.12,EC,2023-01-10 22:22:36
24,Nakamura,32.9833,132.9333,39.15,83,10,3.62,JP,2023-01-10 22:22:36
25,Upernavik,72.7868,-56.1549,-22.79,98,91,6.58,GL,2023-01-10 22:22:37
26,Ribeira Grande,38.5167,-28.7,54.77,74,43,1.99,PT,2023-01-10 22:22:37
27,Young,-32.6833,-57.6333,96.21,14,86,7.67,UY,2023-01-10 22:22:37
28,Phonhong,18.5007,102.4166,69.17,83,100,0.98,LA,2023-01-10 22:22:37
29,Livramento,-3.0254,-60.1803,81.27,89,40,3.44,BR,2023-01-10 22:22:38
30,Hobart,-42.8794,147.3294,66.25,73,20,5.75,AU,2023-01-10 22:19:30
31,Ambulu,-8.345,113.6058,77.14,83,100,1.86,ID,2023-01-10 22:22:38
32,Bathsheba,13.2167,-59.5167,79.41,78,75,16.11,BB,2023-01-10 22:22:38
33,Ituporanga,-27.4144,-49.6025,69.42,98,93,2.84,BR,2023-01-10 22:22:39
34,Cabo San Lucas,22.8909,-109.9124,81.52,48,0,17.27,MX,2023-01-10 22:22:39
35,Cape Town,-33.9258,18.4232,66.11,77,0,9.22,ZA,2023-01-10 22:22:39
36,Thompson,55.7435,-97.8558,10.56,79,100,8.05,CA,2023-01-10 22:20:33
37,Vila Franca Do Campo,37.7167,-25.4333,55.81,77,4,4.76,PT,2023-01-10 22:22:40
38,Bluff,-46.6,168.3333,55.8,74,90,12.95,NZ,2023-01-10 22:22:40
39,Ostrovnoy,68.0531,39.5131,15.69,88,100,25.97,RU,2023-01-10 22:22:40
40,Busselton,-33.65,115.3333,59.02,80,6,6.06,AU,2023-01-10 22:22:40
41,Hermanus,-34.4187,19.2345,65.41,76,90,4.12,ZA,2023-01-10 22:22:41
42,Ulladulla,-35.35,150.4667,66.52,75,98,3.31,AU,2023-01-10 22:22:41
43,Vaini,-21.2,-175.2,87.96,79,40,8.05,TO,2023-01-10 22:22:41
44,Sur,22.5667,59.5289,73.04,62,0,6.51,OM,2023-01-10 22:22:41
45,Longyearbyen,78.2186,15.6401,31.84,80,75,9.22,SJ,2023-01-10 22:22:42
46,San Quintin,30.4833,-115.95,63.93,71,33,10.98,MX,2023-01-10 22:22:42
47,Iqaluit,63.7506,-68.5145,-20.47,69,75,16.11,CA,2023-01-10 22:23:42
48,Labuhan,-6.8844,112.2051,76.35,88,99,7.56,ID,2023-01-10 22:23:42
49,Bud,39.447,-86.1758,50.05,69,1,3.53,US,2023-01-10 22:23:43
50,Mogadishu,2.0371,45.3438,77.88,86,61,17.27,SO,2023-01-10 22:23:15
51,Castro,-24.7911,-50.0119,65.37,91,54,3.76,BR,2023-01-10 22:23:43
52,Saskylakh,71.9167,114.0833,-52.89,100,77,3.91,RU,2023-01-10 22:23:43
53,Kavali,14.9167,79.9833,66.43,88,0,4.7,IN,2023-01-10 22:23:44
54,Georgetown,5.4112,100.3354,78.73,92,20,2.3,MY,2023-01-10 22:20:20
55,Kidal,18.4411,1.4078,61.27,18,12,11.65,ML,2023-01-10 22:23:44
56,Geraldton,-28.7667,114.6,64.81,77,100,6.91,AU,2023-01-10 22:23:44
57,Lodja,-3.4833,23.4333,68.41,98,100,0.85,CD,2023-01-10 22:23:45
58,La Crosse,43.8014,-91.2396,27.39,89,100,3.0,US,2023-01-10 22:23:45
59,Kaitangata,-46.2817,169.8464,55.36,93,100,8.68,NZ,2023-01-10 22:23:45
60,Sept-Iles,50.2001,-66.3821,12.2,59,75,10.36,CA,2023-01-10 22:19:03
61,Mahibadhoo,3.7833,72.9667,80.19,76,85,12.46,MV,2023-01-10 22:23:45
62,Manavalakurichi,8.1333,77.3,71.47,79,6,8.86,IN,2023-01-10 22:23:46
63,Camana,-16.6228,-72.7111,72.9,71,49,8.1,PE,2023-01-10 22:23:46
64,Hasaki,35.7333,140.8333,28.8,45,5,6.22,JP,2023-01-10 22:19:52
65,Kavieng,-2.5744,150.7967,82.38,73,100,4.21,PG,2023-01-10 22:23:46
66,Arraial Do Cabo,-22.9661,-42.0278,76.96,94,75,6.91,BR,2023-01-10 22:23:47
67,Marsabit,2.3284,37.9899,69.28,54,46,9.19,KE,2023-01-10 22:23:47
68,Bredasdorp,-34.5322,20.0403,66.0,72,100,1.97,ZA,2023-01-10 22:23:47
69,Tuatapere,-46.1333,167.6833,55.4,85,99,7.61,NZ,2023-01-10 22:23:47
70,Teguldet,57.3064,88.1667,-18.67,93,100,7.72,RU,2023-01-10 22:23:48
71,Mar Del Plata,-38.0023,-57.5575,73.83,85,0,18.41,AR,2023-01-10 22:23:48
72,Vavozh,56.7751,51.931,-21.15,100,65,4.52,RU,2023-01-10 22:19:24
73,Kodiak,57.79,-152.4072,35.11,100,100,3.44,US,2023-01-10 22:23:48
74,Havre-Saint-Pierre,50.2334,-63.5986,15.8,56,75,10.36,CA,2023-01-10 22:23:48
75,Praia,14.9215,-23.5087,73.94,78,20,20.71,CV,2023-01-10 22:23:49
76,Mareeba,-17.0,145.4333,77.49,96,100,1.57,AU,2023-01-10 22:23:49
77,Port Alfred,-33.5906,26.891,72.18,97,74,3.13,ZA,2023-01-10 22:23:49
78,Calabozo,8.9242,-67.4293,90.25,33,31,5.95,VE,2023-01-10 22:23:50
79,Acajutla,13.5928,-89.8275,82.44,63,24,5.3,SV,2023-01-10 22:23:50
80,Rikitea,-23.1203,-134.9692,78.69,76,17,18.07,PF,2023-01-10 22:23:50
81,Isangel,-19.55,169.2667,80.47,67,44,6.85,VU,2023-01-10 22:21:11
82,Srivardhan,18.0333,73.0167,69.1,42,0,4.72,IN,2023-01-10 22:23:50
83,Lata,40.1629,-8.3327,55.08,92,99,4.79,PT,2023-01-10 22:23:51
84,Butaritari,3.0707,172.7902,81.12,76,8,15.41,KI,2023-01-10 22:23:51
85,Chapais,49.7834,-74.8492,-0.62,100,97,3.89,CA,2023-01-10 22:23:51
86,Aqtobe,50.2797,57.2072,-32.71,75,75,2.24,KZ,2023-01-10 22:23:51
87,Pevek,69.7008,170.3133,-10.71,96,100,2.66,RU,2023-01-10 22:23:52
88,Kanigoro,-8.13,112.219,73.6,92,100,4.81,ID,2023-01-10 22:23:52
89,Barrow,71.2906,-156.7887,-12.98,77,0,18.41,US,2023-01-10 22:23:52
90,Issoire,45.55,3.25,45.86,92,98,7.4,FR,2023-01-10 22:23:52
91,Lotofaga,-13.9764,-171.8578,87.58,72,100,21.03,WS,2023-01-10 22:24:53
92,Verkhoyansk,67.5447,133.385,-56.49,99,84,1.03,RU,2023-01-10 22:24:53
93,Kapaa,22.0752,-159.319,79.2,67,1,1.99,US,2023-01-10 22:24:53
94,Yellowknife,62.456,-114.3525,-5.76,100,68,4.38,CA,2023-01-10 22:24:54
95,Lagoa,39.05,-27.9833,59.14,62,75,7.58,PT,2023-01-10 22:24:54
96,Ahipara,-35.1667,173.1667,66.69,82,96,18.68,NZ,2023-01-10 22:24:54
97,Tamiahua,21.2667,-97.45,76.32,70,44,9.04,MX,2023-01-10 22:24:54
98,Alice Springs,-23.7,133.8833,74.75,88,27,0.0,AU,2023-01-10 22:24:55
99,Boali,4.8005,18.1275,77.23,21,37,3.51,CF,2023-01-10 22:24:55
100,Cidreira,-30.1811,-50.2056,72.52,78,85,1.54,BR,2023-01-10 22:24:55
101,Pathein,16.7833,94.7333,67.91,84,0,6.64,MM,2023-01-10 22:24:56
102,Rincon,32.296,-81.2354,62.56,34,20,6.91,US,2023-01-10 22:24:00
103,Jamestown,42.097,-79.2353,37.02,56,100,0.0,US,2023-01-10 22:22:37
104,Petropavlovsk-Kamchatskiy,53.0452,158.6483,-6.23,59,0,11.18,RU,2023-01-10 22:24:56
105,Yataity,-26.3667,-56.0667,83.8,48,43,3.74,PY,2023-01-10 22:24:56
106,Guerrero Negro,27.9769,-114.0611,66.25,51,100,18.1,MX,2023-01-10 22:24:56
107,Alta Floresta,-9.8756,-56.0861,70.23,98,100,1.54,BR,2023-01-10 22:24:57
108,Grindavik,63.8424,-22.4338,36.07,80,75,12.66,IS,2023-01-10 22:24:57
109,Mataura,-46.1927,168.8643,54.37,99,100,4.79,NZ,2023-01-10 22:24:57
110,Bethel,41.3712,-73.414,39.76,70,100,3.44,US,2023-01-10 22:24:58
111,Aykhal,66.0,111.5,-41.01,97,100,5.3,RU,2023-01-10 22:24:58
112,Khatanga,71.9667,102.5,-30.73,97,100,9.98,RU,2023-01-10 22:24:58
113,Rudbar,30.15,62.6,40.12,78,100,21.41,AF,2023-01-10 22:24:58
114,Rio Grande,-32.035,-52.0986,78.91,79,16,15.64,BR,2023-01-10 22:24:45
115,Nikolskoye,59.7035,30.7861,28.29,89,100,13.62,RU,2023-01-10 22:24:59
116,Bengkulu,-3.8004,102.2655,73.71,91,81,3.74,ID,2023-01-10 22:24:59
117,Klaksvik,62.2266,-6.589,41.92,83,100,18.59,FO,2023-01-10 22:24:59
118,Beringovskiy,63.05,179.3167,-8.59,93,61,10.29,RU,2023-01-10 22:24:59
119,Faanui,-16.4833,-151.75,78.84,79,100,9.93,PF,2023-01-10 22:25:00
120,Prestea,5.4327,-2.1428,76.3,85,3,1.43,GH,2023-01-10 22:25:00
121,Pliska,43.3667,27.1167,48.42,87,100,17.0,BG,2023-01-10 22:25:00
122,Aracaju,-10.9111,-37.0717,80.55,83,40,13.8,BR,2023-01-10 22:21:48
123,Cartagena,10.3997,-75.5144,80.22,83,75,9.22,CO,2023-01-10 22:20:01
124,La Asuncion,11.0333,-63.8628,91.13,49,1,12.66,VE,2023-01-10 22:25:01
125,Semirom,31.4167,51.5667,22.03,92,99,3.91,IR,2023-01-10 22:25:01
126,Bambous Virieux,-20.3428,57.7575,77.25,83,40,8.05,MU,2023-01-10 22:25:01
127,Provideniya,64.3833,-173.3,10.51,61,0,15.66,RU,2023-01-10 22:25:02
128,Zhangjiakou,40.81,114.8794,25.79,57,99,1.48,CN,2023-01-10 22:25:02
129,Outjo,-20.1167,16.15,73.18,43,100,15.7,NA,2023-01-10 22:25:03
130,Bereda,43.2686,-7.5406,55.42,97,99,9.86,ES,2023-01-10 22:25:03
131,Bakchar,57.0186,82.0711,-31.29,99,85,4.41,RU,2023-01-10 22:25:04
132,Salinas,36.6777,-121.6555,59.61,61,20,16.11,US,2023-01-10 22:25:05
133,Salvador,13.8333,-88.9167,84.24,38,21,1.32,SV,2023-01-10 22:25:06
134,Grand-Santi,4.25,-54.3833,72.99,99,46,3.15,GF,2023-01-10 22:25:06
135,Hithadhoo,-0.6,73.0833,80.91,77,100,13.06,MV,2023-01-10 22:26:07
136,Vestmanna,62.1564,-7.1664,40.12,81,100,5.75,FO,2023-01-10 22:26:07
137,Caravelas,-17.7125,-39.2481,77.58,83,82,7.34,BR,2023-01-10 22:26:08
138,Kendari,-3.945,122.4989,74.61,87,100,1.92,ID,2023-01-10 22:26:08
139,Victoria,22.2855,114.1577,64.94,93,99,1.01,HK,2023-01-10 22:24:44
140,Torbat-E Jam,35.244,60.6225,18.21,82,100,14.23,IR,2023-01-10 22:26:09
141,Fairmont,39.4851,-80.1426,42.71,77,99,1.9,US,2023-01-10 22:26:09
142,Izumo,35.3667,132.7667,30.15,93,40,9.22,JP,2023-01-10 22:26:10
143,Honiara,-9.4333,159.95,79.99,85,100,3.56,SB,2023-01-10 22:26:11
144,Banjar,-8.19,114.9675,75.61,86,100,5.95,ID,2023-01-10 22:26:11
145,Setermoen,68.861,18.3486,29.43,74,100,1.01,NO,2023-01-10 22:26:11
146,Proddatur,14.7333,78.55,63.7,84,0,4.05,IN,2023-01-10 22:26:12
147,Ostersund,63.1792,14.6357,28.85,93,79,50.0,SE,2023-01-10 22:26:12
148,Zhangye,38.9342,100.4517,24.71,35,33,1.43,CN,2023-01-10 22:26:13
149,Saint-Philippe,-21.3585,55.7679,74.79,80,26,10.27,RE,2023-01-10 22:26:13
150,Arman,59.7,150.1667,-20.94,86,10,6.62,RU,2023-01-10 22:26:14
151,Senanga,-16.1167,23.2667,65.86,87,100,1.74,ZM,2023-01-10 22:26:14
152,Tasiilaq,65.6145,-37.6368,14.16,57,21,4.85,GL,2023-01-10 22:26:15
153,Kaeo,-35.1,173.7833,70.32,96,95,13.44,NZ,2023-01-10 22:26:15
154,Mezen,65.8522,44.24,3.2,92,100,11.05,RU,2023-01-10 22:26:16
155,San Patricio,28.017,-97.5169,82.49,46,0,8.25,US,2023-01-10 22:21:35
156,East London,-33.0153,27.9116,74.17,90,7,2.64,ZA,2023-01-10 22:26:16
157,Coquimbo,-29.9533,-71.3436,69.53,68,0,10.36,CL,2023-01-10 22:23:16
158,Ancud,-41.8697,-73.8203,56.16,58,19,13.22,CL,2023-01-10 22:26:17
159,Palmerston North,-40.35,175.6167,67.5,92,100,4.0,NZ,2023-01-10 22:26:18
160,Kokopo,-4.352,152.2633,78.69,83,95,3.53,PG,2023-01-10 22:26:19
161,Ranong,9.9658,98.6348,74.35,86,96,2.37,TH,2023-01-10 22:26:20
162,Belmonte,-15.8631,-38.8828,77.72,84,98,7.25,BR,2023-01-10 22:26:21
163,Nanortalik,60.1432,-45.2371,25.25,68,100,7.74,GL,2023-01-10 22:26:22
164,Marabba,12.35,32.1833,70.23,19,2,15.28,SD,2023-01-10 22:26:22
165,Alofi,-19.0595,-169.9187,78.98,87,100,20.2,NU,2023-01-10 22:26:23
166,Lasem,-6.6922,111.4527,76.01,90,100,5.46,ID,2023-01-10 22:26:23
167,Inuvik,68.3499,-133.7218,-13.94,84,20,3.44,CA,2023-01-10 22:26:24
168,Ilulissat,69.2167,-51.1,8.62,61,75,12.66,GL,2023-01-10 22:26:24
169,Shemonaikha,50.6328,81.9056,-22.9,100,93,2.19,KZ,2023-01-10 22:26:25
170,Shestakovo,56.4915,103.96,-9.51,86,99,7.92,RU,2023-01-10 22:26:25
171,Torbay,47.6666,-52.7314,26.58,95,100,13.0,CA,2023-01-10 22:26:26
172,Machiques,10.0644,-72.545,78.94,79,98,5.06,VE,2023-01-10 22:26:27
173,Kiruna,67.8557,20.2251,20.32,86,100,14.97,SE,2023-01-10 22:26:27
174,Dikson,73.5069,80.5464,-32.46,99,28,5.66,RU,2023-01-10 22:26:28
175,Constitucion,-35.3333,-72.4167,65.64,58,43,18.9,CL,2023-01-10 22:26:33
176,Glace Bay,46.1969,-59.957,27.9,95,100,23.02,CA,2023-01-10 22:26:34
177,Ketchikan,55.3422,-131.6461,43.27,81,100,8.05,US,2023-01-10 22:26:34
178,Mata,40.683,-7.4592,53.92,97,99,6.49,PT,2023-01-10 22:26:34
179,Tatarsk,55.219,75.9828,-14.51,98,100,5.23,RU,2023-01-10 22:26:35
180,Avera,33.194,-82.5271,60.39,49,6,4.92,US,2023-01-10 22:26:35
181,Ibra,22.6906,58.5334,64.67,71,1,0.38,OM,2023-01-10 22:27:36
182,Westport,41.1415,-73.3579,41.32,63,100,1.01,US,2023-01-10 22:25:54
183,Mathbaria,22.2876,89.9593,58.12,47,0,5.91,BD,2023-01-10 22:27:36
184,Fukue,32.6881,128.8419,53.83,59,6,5.68,JP,2023-01-10 22:27:36
185,Krasnoselkup,65.7,82.4667,-45.54,100,61,5.3,RU,2023-01-10 22:27:36
186,Souillac,-20.5167,57.5167,77.38,83,40,8.05,MU,2023-01-10 22:27:37
187,Mehamn,71.0357,27.8492,22.95,80,0,13.8,NO,2023-01-10 22:27:37
188,Katsuura,35.1333,140.3,40.33,53,10,4.63,JP,2023-01-10 22:27:38
189,Hamilton,39.1834,-84.5333,51.76,65,0,4.61,US,2023-01-10 22:22:45
190,Zhigansk,66.7697,123.3711,-31.68,97,100,11.16,RU,2023-01-10 22:27:38
191,Burnie,-41.0667,145.9167,61.0,76,79,11.41,AU,2023-01-10 22:27:39
192,Tilichiki,60.4667,166.1,13.87,92,100,5.73,RU,2023-01-10 22:27:40
193,Russell,32.3502,-85.1999,64.0,32,0,0.0,US,2023-01-10 22:27:40
194,Kalmunai,7.4167,81.8167,72.54,81,55,7.4,LK,2023-01-10 22:27:40
195,Chokurdakh,70.6333,147.9167,-48.82,100,73,1.43,RU,2023-01-10 22:27:40
196,Vila Velha,-20.3297,-40.2925,78.94,86,20,10.36,BR,2023-01-10 22:27:41
197,Ulaangom,49.9811,92.0667,-1.44,98,99,2.46,MN,2023-01-10 22:27:41
198,Chenghai,23.4632,116.768,60.71,94,100,4.47,CN,2023-01-10 22:27:42
199,Jinxiang,27.4327,120.6062,52.99,82,98,7.38,CN,2023-01-10 22:27:42
200,Kaura Namoda,12.5898,6.5779,67.21,25,12,10.25,NG,2023-01-10 22:27:42
201,Apatity,67.5641,33.4031,9.54,97,100,6.17,RU,2023-01-10 22:27:42
202,Kiama,-34.6833,150.8667,72.37,77,79,1.99,AU,2023-01-10 22:27:43
203,Port Hardy,50.6996,-127.4199,48.38,81,75,20.71,CA,2023-01-10 22:27:44
204,Liverpool,53.4106,-2.9779,51.15,82,75,19.57,GB,2023-01-10 22:27:44
205,Katherine,-14.4667,132.2667,80.92,78,40,10.36,AU,2023-01-10 22:27:44
206,Abha,18.2164,42.5053,51.62,93,0,0.0,SA,2023-01-10 22:27:44
207,Krivosheino,57.3431,83.9261,-29.88,99,84,4.83,RU,2023-01-10 22:27:45
208,Coahuayana,18.7333,-103.6833,85.32,43,1,6.53,MX,2023-01-10 22:27:45
209,Finschhafen,-6.6024,147.8681,81.0,80,100,8.7,PG,2023-01-10 22:27:46
210,Chodavaram,17.8333,82.95,60.64,69,0,2.53,IN,2023-01-10 22:27:46
211,Qaanaaq,77.484,-69.3632,-15.47,99,100,1.48,GL,2023-01-10 22:27:47
212,Pinar Del Rio,22.4175,-83.6981,76.89,55,1,10.36,CU,2023-01-10 22:27:47
213,Mahebourg,-20.4081,57.7,77.29,83,40,8.05,MU,2023-01-10 22:27:47
214,Quatre Cocos,-20.2078,57.7625,77.11,80,15,9.75,MU,2023-01-10 22:27:47
215,Haines Junction,60.7522,-137.5108,7.68,97,100,0.65,CA,2023-01-10 22:27:48
216,Robstown,27.7903,-97.6689,84.09,54,0,9.22,US,2023-01-10 22:26:40
217,Do Gonbadan,30.3586,50.7981,46.49,100,75,0.0,IR,2023-01-10 22:27:48
218,Baie-Comeau,49.2168,-68.1489,13.68,67,0,8.05,CA,2023-01-10 22:27:48
219,Solwezi,-12.1688,26.3894,61.97,98,100,1.95,ZM,2023-01-10 22:27:49
220,Kirovskiy,45.0917,133.5136,-0.99,94,29,5.17,RU,2023-01-10 22:27:49
221,Lasa,46.6166,10.7002,31.08,48,24,5.39,IT,2023-01-10 22:27:49
222,Portland,45.5234,-122.6762,53.46,65,75,13.8,US,2023-01-10 22:25:13
223,Guantanamo,20.1444,-75.2092,81.97,66,51,2.62,CU,2023-01-10 22:27:50
224,Oriximina,-1.7656,-55.8661,80.62,73,95,4.52,BR,2023-01-10 22:27:50
225,Vanavara,60.34,102.2797,-17.75,91,100,10.16,RU,2023-01-10 22:27:51
226,Show Low,34.2542,-110.0298,54.09,33,0,19.57,US,2023-01-10 22:27:51
227,Lorengau,-2.0226,147.2712,81.84,78,79,2.98,PG,2023-01-10 22:28:51
228,Matadi,-5.8167,13.45,74.86,92,60,2.77,CD,2023-01-10 22:28:51
229,Cherskiy,68.75,161.3,-25.2,99,100,3.02,RU,2023-01-10 22:28:52
230,Takoradi,4.8845,-1.7554,79.5,84,35,7.18,GH,2023-01-10 22:28:52
231,Richards Bay,-28.783,32.0377,71.46,88,0,8.66,ZA,2023-01-10 22:28:52
232,Lima,-12.0432,-77.0282,71.85,68,0,9.22,PE,2023-01-10 22:28:34
233,Guangyuan,32.442,105.823,50.13,78,100,0.43,CN,2023-01-10 22:28:53
234,Aklavik,68.2191,-135.0107,-13.0,77,75,4.61,CA,2023-01-10 22:28:53
235,Boyolangu,-8.1181,111.8935,76.21,87,100,4.85,ID,2023-01-10 22:28:53
236,Valdosta,30.8327,-83.2785,64.35,40,0,4.61,US,2023-01-10 22:28:53
237,Ponta Do Sol,32.6667,-17.1,65.03,79,11,4.09,PT,2023-01-10 22:28:54
238,Woodend,-43.3167,172.6667,69.35,60,100,8.52,NZ,2023-01-10 22:28:54
239,Coachella,33.6803,-116.1739,73.2,50,75,15.01,US,2023-01-10 22:28:54
240,Kampong Thum,12.7111,104.8887,71.58,99,100,1.3,KH,2023-01-10 22:28:54
241,Ust-Omchug,61.15,149.6333,-47.13,99,60,1.61,RU,2023-01-10 22:28:55
242,Sainte-Claire,46.6006,-70.8649,15.62,82,94,1.99,CA,2023-01-10 22:28:55
243,Sibu,2.3,111.8167,75.51,94,20,3.44,MY,2023-01-10 22:28:55
244,Ullapool,57.8987,-5.1604,47.35,83,99,32.08,GB,2023-01-10 22:28:56
245,Ugoofaaru,5.6667,73.0,78.85,80,60,6.53,MV,2023-01-10 22:28:56
246,Beira,-19.8436,34.8389,78.89,78,20,6.55,MZ,2023-01-10 22:28:56
247,Makakilo City,21.3469,-158.0858,82.72,48,0,6.91,US,2023-01-10 22:28:56
248,Soyo,-6.1349,12.3689,77.86,88,66,7.29,AO,2023-01-10 22:28:57
249,Ampanihy,-24.7,44.75,73.2,91,15,0.38,MG,2023-01-10 22:28:57
250,Palmer,42.1584,-72.3287,36.25,70,75,6.91,US,2023-01-10 22:28:57
251,Garden City,42.3256,-83.331,40.05,72,100,5.75,US,2023-01-10 22:28:57
252,Inhambane,-23.865,35.3833,73.45,82,0,7.92,MZ,2023-01-10 22:28:58
253,Lompoc,34.6391,-120.4579,61.52,73,40,17.27,US,2023-01-10 22:28:58
254,Adrar,20.5022,-10.0711,66.7,10,100,12.06,MR,2023-01-10 22:28:58
255,Newtownards,54.5924,-5.6909,46.35,81,20,12.66,GB,2023-01-10 22:25:58
256,Nishihara,26.1842,127.7558,66.25,75,100,9.22,JP,2023-01-10 22:28:59
257,Shache,38.4167,77.2406,23.86,44,56,2.66,CN,2023-01-10 22:28:59
258,Laguna,38.421,-121.4238,55.44,84,100,20.71,US,2023-01-10 22:28:59
259,Kodinsk,58.6881,99.1844,-21.6,93,99,5.86,RU,2023-01-10 22:28:59
260,Prince Rupert,54.3161,-130.3201,48.29,62,100,20.71,CA,2023-01-10 22:29:00
261,San Andres,12.5847,-81.7006,82.42,74,20,10.36,CO,2023-01-10 22:29:00
262,Yar-Sale,66.8333,70.8333,-44.01,100,50,0.92,RU,2023-01-10 22:29:00
263,Tessalit,20.1986,1.0114,61.45,19,89,11.14,ML,2023-01-10 22:29:01
264,Storsteinnes,69.2408,19.2344,26.38,87,100,6.08,NO,2023-01-10 22:29:01
265,Ankara,39.9199,32.8543,32.2,84,40,6.91,TR,2023-01-10 22:29:01
266,Baculin,7.4525,126.5842,75.92,89,100,3.24,PH,2023-01-10 22:29:01
267,San Cristobal,7.7669,-72.225,69.98,78,99,0.92,VE,2023-01-10 22:29:02
268,Nizhniye Achaluki,43.4028,44.7591,15.39,95,100,6.11,RU,2023-01-10 22:29:03
269,Laurens,32.4502,-82.9165,63.03,39,2,3.44,US,2023-01-10 22:29:03
270,Zaykovo,57.5613,62.7568,6.03,76,100,11.95,RU,2023-01-10 22:30:07
271,Porbandar,21.6422,69.6093,69.66,47,0,8.23,IN,2023-01-10 22:30:09
272,Ereymentau,51.6199,73.1033,-22.68,98,76,14.12,KZ,2023-01-10 22:30:10
273,Chukhloma,58.7525,42.6825,5.2,77,100,13.53,RU,2023-01-10 22:30:12
274,Narsaq,60.9167,-46.05,25.02,71,100,6.69,GL,2023-01-10 22:30:14
275,Khani,41.9563,42.9566,29.77,69,7,7.72,GE,2023-01-10 22:30:18
276,Saint George,37.1041,-113.5841,59.95,57,100,7.0,US,2023-01-10 22:28:43
277,Pacifica,37.6138,-122.4869,59.65,84,75,24.16,US,2023-01-10 22:30:21
278,Port Moresby,-9.4431,147.1797,81.82,78,20,5.75,PG,2023-01-10 22:30:22
279,Kahului,20.8947,-156.47,80.62,61,20,10.36,US,2023-01-10 22:30:22
280,Carnarvon,-24.8667,113.6333,73.72,61,0,16.22,AU,2023-01-10 22:30:23
281,Solok,-0.7918,100.6593,70.75,97,100,1.3,ID,2023-01-10 22:30:24
282,Itaituba,-4.2761,-55.9836,78.96,94,40,0.0,BR,2023-01-10 22:30:26
283,Paldiski,59.3567,24.0531,35.91,100,100,11.5,EE,2023-01-10 22:30:26
284,College,64.8569,-147.8028,8.58,75,40,8.05,US,2023-01-10 22:30:27
285,Pangai,-19.8,-174.35,82.51,78,75,9.22,TO,2023-01-10 22:30:29
286,Fortuna,40.5982,-124.1573,54.66,89,100,4.61,US,2023-01-10 22:30:29
287,Pangody,65.85,74.4859,-44.1,100,20,3.42,RU,2023-01-10 22:30:30
288,Dong Hoi,17.4833,106.6,67.03,92,99,8.21,VN,2023-01-10 22:30:30
289,Camocim,-2.9022,-40.8411,79.84,74,100,14.85,BR,2023-01-10 22:30:31
290,Coihaique,-45.5752,-72.0662,50.61,93,100,3.44,CL,2023-01-10 22:29:44
291,Broken Hill,-31.95,141.4333,87.22,17,98,5.48,AU,2023-01-10 22:30:33
292,Villarrica,-25.75,-56.4333,79.63,51,47,4.97,PY,2023-01-10 22:30:34
293,Willowmore,-33.2926,23.4895,70.0,64,23,6.26,ZA,2023-01-10 22:30:34
294,Vilhena,-12.7406,-60.1458,80.82,69,40,8.05,BR,2023-01-10 22:30:35
295,Port Elizabeth,-33.918,25.5701,71.31,90,75,10.36,ZA,2023-01-10 22:30:36
296,Staryy Nadym,65.6118,72.6842,-41.76,100,94,3.24,RU,2023-01-10 22:30:37
297,Pimenta Bueno,-11.6725,-61.1936,74.97,91,30,3.87,BR,2023-01-10 22:30:38
298,Great Falls,47.5002,-111.3008,45.79,39,0,9.22,US,2023-01-10 22:30:38
299,Rehoboth,-23.3167,17.0833,79.88,28,98,6.87,NA,2023-01-10 22:30:39
300,Marawi,7.9986,124.2928,67.91,98,99,2.46,PH,2023-01-10 22:30:39
301,Mayo,38.8876,-76.5119,46.2,68,0,4.61,US,2023-01-10 22:30:40
302,Minudasht,37.2289,55.3747,31.37,69,54,2.39,IR,2023-01-10 22:30:40
303,Mildura,-34.2,142.15,84.07,46,100,1.74,AU,2023-01-10 22:30:40
304,Fuling,29.7022,107.3919,51.78,75,7,2.86,CN,2023-01-10 22:30:41
305,Abu Dhabi,24.4667,54.3667,69.91,71,20,9.22,AE,2023-01-10 22:28:15
306,Belle Fourche,44.6714,-103.8522,44.11,62,100,7.87,US,2023-01-10 22:30:41
307,Kaseda,31.4167,130.3167,51.67,71,12,9.51,JP,2023-01-10 22:30:42
308,Norman Wells,65.282,-126.8329,3.24,85,100,0.0,CA,2023-01-10 22:30:42
309,Almaty,43.25,76.95,12.11,85,100,8.95,KZ,2023-01-10 22:30:42
310,Suntar,62.1444,117.6319,-31.67,97,96,2.19,RU,2023-01-10 22:30:43
311,Jining,35.405,116.5814,32.34,85,4,6.71,CN,2023-01-10 22:30:43
312,Son La,21.3167,103.9,55.81,98,36,2.62,VN,2023-01-10 22:30:43
313,Golden,39.7555,-105.2211,55.98,33,20,39.12,US,2023-01-10 22:26:56
314,Fuerte Olimpo,-21.0415,-57.8738,74.71,86,67,7.78,PY,2023-01-10 22:30:44
315,Egvekinot,66.3167,-179.1667,-10.34,82,6,12.59,RU,2023-01-10 22:30:44
316,Vardo,70.3705,31.1107,24.78,86,20,32.21,NO,2023-01-10 22:30:44
317,Pangnirtung,66.1451,-65.7125,-20.2,76,40,0.0,CA,2023-01-10 22:30:45
318,Husavik,66.0449,-17.3389,32.25,97,100,13.13,IS,2023-01-10 22:30:45
319,Manicore,-5.8092,-61.3003,74.16,96,88,3.62,BR,2023-01-10 22:31:45
320,Killybegs,54.6333,-8.45,44.64,77,39,25.95,IE,2023-01-10 22:31:46
321,Victor Harbor,-35.5667,138.6167,68.0,82,40,3.4,AU,2023-01-10 22:31:46
322,Airai,-8.9266,125.4092,63.64,83,44,0.38,TL,2023-01-10 22:31:46
323,Altagracia De Orituco,9.8601,-66.3814,74.73,80,58,5.44,VE,2023-01-10 22:31:47
324,Port Hawkesbury,45.6169,-61.3485,28.78,90,100,18.01,CA,2023-01-10 22:31:47
325,Port Shepstone,-30.7414,30.455,72.99,92,35,10.98,ZA,2023-01-10 22:31:47
326,Krasnokamensk,50.0979,118.0369,-4.31,100,35,2.73,RU,2023-01-10 22:31:48
327,Nizhneangarsk,55.7833,109.55,-0.38,83,78,6.71,RU,2023-01-10 22:31:48
328,Virginia Beach,36.8529,-75.978,48.02,71,0,6.91,US,2023-01-10 22:31:39
329,Praxedis Guerrero,31.3667,-106.0167,67.46,18,100,10.11,MX,2023-01-10 22:31:49
330,Bahia Blanca,-38.7196,-62.2724,78.06,58,42,26.87,AR,2023-01-10 22:31:49
331,Clyde River,70.4692,-68.5914,-23.57,76,0,0.0,CA,2023-01-10 22:31:49
332,Manakara,-22.1333,48.0167,73.81,93,100,6.73,MG,2023-01-10 22:31:50
333,Port Blair,11.6667,92.75,77.04,83,20,5.75,IN,2023-01-10 22:31:50
334,Hachinohe,40.5,141.5,34.29,69,84,12.64,JP,2023-01-10 22:31:50
335,Erenhot,43.6475,111.9767,27.14,42,98,8.46,CN,2023-01-10 22:31:50
336,Sambava,-14.2667,50.1667,74.62,91,64,4.92,MG,2023-01-10 22:31:51
337,Deputatskiy,69.3,139.9,-46.93,99,43,1.43,RU,2023-01-10 22:31:51
338,Sabang,5.8933,95.3214,78.55,70,28,3.06,ID,2023-01-10 22:31:52
339,Wladyslawowo,54.7909,18.4009,40.93,91,74,9.53,PL,2023-01-10 22:31:52
340,Kamenka,51.3223,42.7678,-0.74,81,2,11.88,RU,2023-01-10 22:31:52
341,Touros,-5.1989,-35.4608,79.32,74,47,11.63,BR,2023-01-10 22:31:53
342,Laem Sing,12.4816,102.0738,81.14,87,99,5.55,TH,2023-01-10 22:31:53
343,Miraflores,19.2167,-98.8083,68.76,46,80,4.47,MX,2023-01-10 22:31:53
344,Vostok,46.4856,135.8833,-1.1,94,14,5.21,RU,2023-01-10 22:31:53
345,Fairbanks,64.8378,-147.7164,8.6,76,40,8.05,US,2023-01-10 22:31:54
346,Severnoye,56.3491,78.3619,-34.96,100,12,4.43,RU,2023-01-10 22:31:54
347,Pimenteiras,-6.2453,-41.4192,76.86,56,42,2.24,BR,2023-01-10 22:31:54
348,Saint Anthony,45.0205,-93.218,32.86,91,100,4.61,US,2023-01-10 22:31:55
349,Roma,43.2128,-75.4557,30.96,79,100,6.91,US,2023-01-10 22:28:03
350,San Policarpo,12.1791,125.5072,77.07,89,100,16.62,PH,2023-01-10 22:31:55
351,Purpe,64.4803,76.6897,-38.06,95,10,7.25,RU,2023-01-10 22:31:55
352,Magistralnyy,56.1725,107.4458,1.63,77,79,9.86,RU,2023-01-10 22:31:55
353,Sosva,59.1766,61.8558,3.97,75,100,10.49,RU,2023-01-10 22:31:56
354,Nagarote,12.2659,-86.5647,89.28,47,20,7.67,NI,2023-01-10 22:31:56
355,Vallenar,-28.5708,-70.7581,75.94,42,23,6.53,CL,2023-01-10 22:31:05
356,Sakaiminato,35.55,133.2333,30.18,93,20,5.75,JP,2023-01-10 22:31:56
357,Muros,42.7762,-9.0603,60.1,91,100,15.55,ES,2023-01-10 22:31:56
358,Kedougou,12.5579,-12.1743,81.18,26,0,2.3,SN,2023-01-10 22:31:57
359,Saint-Pierre,-21.3393,55.4781,74.88,83,100,4.61,RE,2023-01-10 22:31:57
360,Maldonado,-34.6667,-54.9167,76.39,77,27,11.65,UY,2023-01-10 22:31:57
361,Esperance,-33.8667,121.9,69.58,80,4,15.82,AU,2023-01-10 22:31:58
362,Moquegua,-17.1956,-70.9353,68.67,56,91,7.56,PE,2023-01-10 22:31:58
363,Hawkesbury,45.6001,-74.616,17.85,87,13,3.94,CA,2023-01-10 22:29:02
364,Blackfoot,43.1905,-112.345,40.05,100,99,7.58,US,2023-01-10 22:31:58
365,Flinders,-34.5833,150.8552,72.18,76,76,5.99,AU,2023-01-10 22:31:59
366,Victoria Point,-27.5833,153.3,80.15,57,93,8.01,AU,2023-01-10 22:32:59
367,Eganville,45.5334,-77.0994,15.13,96,56,2.26,CA,2023-01-10 22:32:59
368,Usuki,33.1081,131.7878,31.57,65,12,3.49,JP,2023-01-10 22:33:00
369,Fundacion,10.5207,-74.185,83.97,77,98,3.18,CO,2023-01-10 22:33:00
370,Camacha,33.0833,-16.3333,62.02,68,75,4.61,PT,2023-01-10 22:33:00
371,Bantou,26.2151,117.4893,57.22,96,97,2.13,CN,2023-01-10 22:33:01
372,Bataipora,-22.2953,-53.2711,71.4,93,66,9.75,BR,2023-01-10 22:33:01
373,Korla,41.7597,86.1469,22.77,47,25,0.54,CN,2023-01-10 22:33:01
374,Klamath Falls,42.2249,-121.7817,42.49,81,100,12.66,US,2023-01-10 22:32:33
375,Champerico,14.3,-91.9167,88.34,66,5,6.51,GT,2023-01-10 22:33:03
376,Biltine,14.5333,20.9167,64.33,26,11,14.32,TD,2023-01-10 22:33:04
377,Brae,60.3964,-1.353,45.84,95,100,17.85,GB,2023-01-10 22:33:05
378,Tiksi,71.6872,128.8694,-37.61,100,99,3.4,RU,2023-01-10 22:33:06
379,Bairiki,1.3292,172.9752,86.0,70,40,8.05,KI,2023-01-10 22:33:06
380,Hobyo,5.3505,48.5268,76.28,76,19,14.38,SO,2023-01-10 22:33:07
381,Ano Mera,37.45,25.4,58.51,66,42,30.91,GR,2023-01-10 22:33:07
382,Luderitz,-26.6481,15.1594,65.79,75,100,9.26,NA,2023-01-10 22:33:08
383,Arenillas,41.3471,-2.8462,39.99,90,87,5.73,ES,2023-01-10 22:33:09
384,Tambilil,5.9622,124.6697,77.49,90,100,5.59,PH,2023-01-10 22:33:10
385,Brigantine,39.4101,-74.3646,42.06,69,0,3.44,US,2023-01-10 22:33:11
386,Dzhebariki-Khaya,62.2167,135.8,-17.09,96,100,2.59,RU,2023-01-10 22:33:12
387,Idrinskoye,54.3708,92.1358,-26.1,99,52,2.42,RU,2023-01-10 22:33:12
388,Vanimo,-2.6741,141.3028,79.92,86,100,3.04,PG,2023-01-10 22:33:13
389,Barra,-11.0894,-43.1417,78.42,66,60,4.81,BR,2023-01-10 22:33:13
390,Cuencame,24.8711,-103.6964,71.87,14,0,5.84,MX,2023-01-10 22:33:14
391,Beloretsk,53.9631,58.3981,-11.94,99,71,4.18,RU,2023-01-10 22:33:16
392,Mali,12.079,-12.2982,63.37,18,9,2.75,GN,2023-01-10 22:33:16
393,Port Hedland,-20.3167,118.5667,78.85,83,100,4.61,AU,2023-01-10 22:33:17
394,Okhotsk,59.3833,143.3,-26.52,81,5,6.64,RU,2023-01-10 22:33:18
395,Aswan,24.0934,32.907,58.3,51,0,0.0,EG,2023-01-10 22:33:19
396,Salalah,17.0151,54.0924,69.89,78,0,2.3,OM,2023-01-10 22:33:19
397,Dutlwe,-23.9833,23.9,78.21,27,13,8.46,BW,2023-01-10 22:33:20
398,Kamiiso,41.8167,140.65,28.78,86,75,1.14,JP,2023-01-10 22:33:21
399,Mariental,-24.6333,17.9667,82.33,20,42,12.88,NA,2023-01-10 22:33:21
400,Sakaraha,-22.9,44.5333,71.22,91,88,2.86,MG,2023-01-10 22:33:22
401,Shimoda,34.6667,138.95,42.1,80,97,4.09,JP,2023-01-10 22:33:22
402,Pedernales,18.0384,-71.744,76.68,77,22,1.72,DO,2023-01-10 22:33:23
403,Omboue,-1.5746,9.2618,78.19,83,49,5.79,GA,2023-01-10 22:33:23
404,Harper,4.375,-7.7169,79.05,85,9,7.65,LR,2023-01-10 22:33:24
405,Cotonou,6.3654,2.4183,82.38,83,27,8.05,BJ,2023-01-10 22:32:57
406,Sao Jose Da Coroa Grande,-8.8978,-35.1478,78.82,79,36,13.11,BR,2023-01-10 22:33:25
407,Mufumbwe,-13.6833,24.8,64.53,98,99,1.48,ZM,2023-01-10 22:33:25
408,Birao,10.2849,22.7882,66.6,25,54,7.81,CF,2023-01-10 22:33:25
409,Teplyk,48.6657,29.745,27.03,72,100,14.63,UA,2023-01-10 22:33:26
410,Aksarka,66.5606,67.7975,-26.05,99,98,5.1,RU,2023-01-10 22:33:26
411,Moerai,-22.4333,-151.3333,76.53,87,100,10.71,PF,2023-01-10 22:33:27
412,Sao Joao Da Barra,-21.6403,-41.0511,78.89,94,100,10.22,BR,2023-01-10 22:34:27
413,Mount Gambier,-37.8333,140.7667,71.4,54,3,1.28,AU,2023-01-10 22:34:28
414,Monroe,43.1501,-77.6831,29.71,85,100,6.91,US,2023-01-10 22:34:28
415,Padang,-0.9492,100.3543,75.25,87,100,3.2,ID,2023-01-10 22:34:29
416,Ixtapa,20.7,-105.2,77.23,73,20,10.36,MX,2023-01-10 22:34:29
417,Kulhudhuffushi,6.6221,73.07,79.07,78,59,6.22,MV,2023-01-10 22:34:30
418,Kholodnyy,62.7167,147.95,-54.58,100,82,0.13,RU,2023-01-10 22:34:30
419,Gizo,-8.103,156.8419,83.32,74,99,7.49,SB,2023-01-10 22:34:31
420,Stolin,51.8912,26.846,28.9,96,100,10.31,BY,2023-01-10 22:34:31
421,Mehran,33.1222,46.1646,48.65,64,0,4.18,IR,2023-01-10 22:34:32
422,Codrington,-38.2667,141.9667,71.49,58,3,7.94,AU,2023-01-10 22:34:32
423,Buala,-8.145,159.5921,85.06,65,88,7.09,SB,2023-01-10 22:34:32
424,Lashio,22.9333,97.75,48.4,80,0,1.41,MM,2023-01-10 22:34:32
425,Santa Isabel Do Rio Negro,-0.4139,-65.0192,74.93,97,85,2.89,BR,2023-01-10 22:34:33
426,Beitbridge,-22.2167,30.0,78.33,40,5,8.81,ZW,2023-01-10 22:34:33
427,Grand Gaube,-20.0064,57.6608,77.4,73,6,5.99,MU,2023-01-10 22:34:33
428,Meulaboh,4.1363,96.1285,74.01,89,97,3.71,ID,2023-01-10 22:34:34
429,Ibia,-19.4783,-46.5389,74.66,92,95,1.32,BR,2023-01-10 22:34:34
430,Koungou,-12.7336,45.2042,80.31,83,0,5.75,YT,2023-01-10 22:34:34
431,Te Anau,-45.4167,167.7167,56.08,85,100,6.26,NZ,2023-01-10 22:34:35
432,Gao,16.6362,1.637,61.18,19,12,12.77,ML,2023-01-10 22:34:35
433,Mabaruma,8.2,-59.7833,71.76,98,55,3.33,GY,2023-01-10 22:34:35
434,Yerofey Pavlovich,53.9667,121.9667,1.89,96,99,2.44,RU,2023-01-10 22:34:35
435,Majene,-3.5403,118.9707,75.09,86,100,4.12,ID,2023-01-10 22:34:36
436,Cherkasskoye,52.4333,47.2167,-15.16,95,8,0.85,RU,2023-01-10 22:34:36
437,Obo,5.3998,26.4869,71.22,30,36,4.99,CF,2023-01-10 22:34:36
438,Sibolga,1.7427,98.7792,74.01,94,100,2.77,ID,2023-01-10 22:34:37
439,Sabuncu,40.4425,49.9481,29.95,80,100,6.91,AZ,2023-01-10 22:34:37
440,Kirakira,-10.4544,161.9205,80.33,83,100,4.36,SB,2023-01-10 22:34:37
441,Basti,26.8,82.7167,45.61,40,0,5.82,IN,2023-01-10 22:34:37
442,Esqueda,30.7167,-109.5833,65.91,17,100,9.84,MX,2023-01-10 22:34:38
443,Marsh Harbour,26.5412,-77.0636,70.93,56,45,3.74,BS,2023-01-10 22:34:38
444,Tigil,57.8,158.6667,2.03,98,99,4.52,RU,2023-01-10 22:34:38
445,Fort Nelson,58.8053,-122.7002,7.95,90,100,2.3,CA,2023-01-10 22:34:38
446,Evensk,61.95,159.2333,15.13,88,100,11.39,RU,2023-01-10 22:34:39
447,Preobrazheniye,42.9019,133.9064,23.59,80,12,7.61,RU,2023-01-10 22:34:39
448,Nanakuli,21.3906,-158.1547,84.15,48,0,6.91,US,2023-01-10 22:34:39
449,Roura,4.7263,-52.3274,75.11,94,75,6.91,GF,2023-01-10 22:34:39
450,Abbeville,50.1,1.8333,55.26,87,100,20.56,FR,2023-01-10 22:34:40
451,Itoman,26.1247,127.6694,66.97,78,75,9.22,JP,2023-01-10 22:34:40
452,Bandarbeyla,9.4942,50.8122,75.92,72,18,11.65,SO,2023-01-10 22:34:40
453,Alihe,50.5667,123.7167,14.74,97,100,1.39,CN,2023-01-10 22:34:41
454,Hami,42.8,93.45,26.49,47,100,3.8,CN,2023-01-10 22:34:41
455,Lavrentiya,65.5833,-171.0,-11.9,93,23,8.52,RU,2023-01-10 22:34:41
456,Aktau,43.65,51.2,0.18,49,0,14.32,KZ,2023-01-10 22:34:41
457,Tiarei,-17.5333,-149.3333,80.62,79,100,12.95,PF,2023-01-10 22:34:42
458,Charters Towers,-20.1,146.2667,78.93,68,100,9.13,AU,2023-01-10 22:29:53
459,Cap Malheureux,-19.9842,57.6142,77.47,73,5,5.99,MU,2023-01-10 22:35:42
460,Emerald,-23.5333,148.1667,78.35,84,87,9.71,AU,2023-01-10 22:35:42
461,Mackay,-21.15,149.2,83.68,69,97,7.83,AU,2023-01-10 22:35:43
462,Mutsu,41.2894,141.2169,30.22,100,75,3.44,JP,2023-01-10 22:35:43
463,Skibbereen,51.55,-9.2667,48.11,78,5,25.61,IE,2023-01-10 22:35:43
464,Oum Hadjer,13.2954,19.6966,66.67,24,10,11.18,TD,2023-01-10 22:35:44
465,Severo-Kurilsk,50.6789,156.125,22.46,59,46,21.36,RU,2023-01-10 22:32:29
466,Nemuro,43.3236,145.575,23.68,69,50,14.23,JP,2023-01-10 22:35:26
467,Sao Filipe,14.8961,-24.4956,74.41,75,0,10.69,CV,2023-01-10 22:35:44
468,Dunedin,-45.8742,170.5036,56.66,92,100,12.39,NZ,2023-01-10 22:35:44
469,Portoferraio,42.8115,10.3146,58.96,47,4,11.81,IT,2023-01-10 22:35:45
470,Abay,49.6311,72.8539,-23.42,100,72,4.41,KZ,2023-01-10 22:35:45
471,Tabou,4.423,-7.3528,79.21,86,22,6.89,CI,2023-01-10 22:35:45
472,Udachnyy,66.4167,112.4,-38.94,96,100,4.97,RU,2023-01-10 22:35:46
473,Tonantins,-2.8731,-67.8022,77.5,86,71,2.59,BR,2023-01-10 22:35:46
474,Srednekolymsk,67.45,153.6833,-36.74,97,99,1.9,RU,2023-01-10 22:35:46
475,Hvide Sande,56.0045,8.1294,42.1,92,100,41.05,DK,2023-01-10 22:35:46
476,Atocha,-20.9333,-66.2333,59.41,24,75,4.61,BO,2023-01-10 22:35:47
477,Opuwo,-18.0607,13.84,69.48,43,84,6.89,NA,2023-01-10 22:35:47
478,Yumen,40.2833,97.2,25.47,37,100,4.9,CN,2023-01-10 22:35:47
479,Beckley,37.7782,-81.1882,41.41,57,100,0.0,US,2023-01-10 22:31:16
480,Puquio,-14.7,-74.1333,51.94,82,100,10.29,PE,2023-01-10 22:35:48
481,Sutysky,49.0425,28.4173,27.73,91,100,15.5,UA,2023-01-10 22:35:48
482,Beaverlodge,55.2166,-119.4361,16.95,97,100,2.95,CA,2023-01-10 22:35:48
483,Las Lomas,8.4333,-82.4,76.41,94,75,3.44,PA,2023-01-10 22:35:48
484,Porto-Vecchio,41.591,9.2795,47.73,87,0,0.0,FR,2023-01-10 22:35:49
485,Vincennes,48.85,2.4333,54.16,91,100,14.97,FR,2023-01-10 22:35:49
486,Chumikan,54.7183,135.315,-6.92,93,55,7.14,RU,2023-01-10 22:35:49
487,Turochak,52.2576,87.1224,-15.77,100,100,0.47,RU,2023-01-10 22:35:49
488,Hutchinson,38.0608,-97.9298,57.72,44,0,8.05,US,2023-01-10 22:35:50
489,Athabasca,54.7169,-113.2854,12.99,98,94,0.51,CA,2023-01-10 22:35:50
490,Vao,-22.6667,167.4833,76.32,67,22,15.68,NC,2023-01-10 22:35:50
491,Pacific Grove,36.6177,-121.9166,58.68,69,40,14.97,US,2023-01-10 22:35:50
492,Palma Soriano,20.2172,-75.9989,79.66,69,18,6.13,CU,2023-01-10 22:35:51
493,Gazanjyk,39.2446,55.5154,14.43,77,15,11.68,TM,2023-01-10 22:35:51
494,Bima,-8.4667,118.7167,76.89,84,87,2.8,ID,2023-01-10 22:35:52
495,Uvira,-3.4067,29.1458,72.23,86,100,1.92,CD,2023-01-10 22:35:52
496,General Pico,-35.6566,-63.7568,83.46,38,100,19.06,AR,2023-01-10 22:35:52
497,Cavalcante,-13.7975,-47.4583,69.51,87,100,1.5,BR,2023-01-10 22:35:52
498,Morant Bay,17.8815,-76.4093,81.72,79,7,6.96,JM,2023-01-10 22:35:53
499,Fayaoue,-20.65,166.5333,78.12,68,77,10.36,NC,2023-01-10 22:35:53
500,Manta,-0.95,-80.7333,80.38,69,75,9.22,EC,2023-01-10 22:35:53
501,Tukrah,32.5341,20.5791,59.47,63,71,29.84,LY,2023-01-10 22:35:53
502,Puerto Palomas,31.7667,-107.6167,64.49,21,99,7.56,MX,2023-01-10 22:35:54
503,Waingapu,-9.6567,120.2641,78.66,78,47,5.48,ID,2023-01-10 22:36:54
504,Oranjemund,-28.55,16.4333,62.8,84,38,6.71,NA,2023-01-10 22:36:54
505,Shushtar,32.0455,48.8567,55.08,68,99,1.14,IR,2023-01-10 22:32:42
506,Wum,6.3833,10.0667,66.33,25,57,1.77,CM,2023-01-10 22:36:55
507,Sirjan,29.452,55.6814,37.13,84,20,11.32,IR,2023-01-10 22:36:55
508,Stabat,3.761,98.4513,75.4,97,100,2.17,ID,2023-01-10 22:36:55
509,Kangasala,61.4638,24.076,34.14,100,100,10.22,FI,2023-01-10 22:36:55
510,La Ronge,55.1001,-105.2842,14.25,92,100,2.3,CA,2023-01-10 22:36:56
511,Marathon,44.9,-89.7668,33.75,95,100,4.61,US,2023-01-10 22:34:54
512,Natal,-5.795,-35.2094,79.45,73,20,9.22,BR,2023-01-10 22:36:21
513,Sandy Bay,-42.913,147.3532,66.29,73,20,5.75,AU,2023-01-10 22:36:56
514,Batemans Bay,-35.7167,150.1833,67.1,66,99,3.24,AU,2023-01-10 22:36:56
515,San Joaquin,37.9333,-121.3011,56.28,77,100,11.5,US,2023-01-10 22:36:57
516,Karpogory,64.0019,44.4451,7.36,93,100,10.22,RU,2023-01-10 22:36:57
517,Honggang,46.4667,124.8667,14.22,89,98,9.8,CN,2023-01-10 22:36:57
518,Floro,61.5996,5.0328,44.96,65,100,19.57,NO,2023-01-10 22:36:57
519,Valley City,46.9233,-98.0032,18.12,100,100,11.5,US,2023-01-10 22:36:58
520,Bilma,18.6853,12.9164,58.53,28,11,6.98,NE,2023-01-10 22:36:58
521,Kupang,-10.1667,123.5833,75.78,100,75,5.75,ID,2023-01-10 22:36:58
522,Pisco,-13.7,-76.2167,77.05,65,0,16.11,PE,2023-01-10 22:36:59
523,Itarema,-2.9248,-39.9167,79.47,74,33,12.66,BR,2023-01-10 22:36:59
524,Lazaro Cardenas,17.9583,-102.2,81.91,61,0,8.99,MX,2023-01-10 22:36:59
525,Leningradskiy,69.3833,178.4167,-20.7,98,39,8.25,RU,2023-01-10 22:37:00
526,Sinnamary,5.3833,-52.95,75.96,89,72,11.16,GF,2023-01-10 22:37:00
527,Lajas,18.05,-67.0593,77.13,84,14,5.99,PR,2023-01-10 22:37:00
528,Rocha,-34.4833,-54.3333,67.35,87,40,10.71,UY,2023-01-10 22:37:00
529,Road Town,18.4167,-64.6167,78.89,78,40,4.61,VG,2023-01-10 22:37:01
530,Mecca,21.4267,39.8261,68.47,50,85,6.93,SA,2023-01-10 22:32:17
531,Cairns,-16.9167,145.7667,83.1,90,75,2.3,AU,2023-01-10 22:33:52
532,Hirado,33.3597,129.5531,49.98,61,16,3.09,JP,2023-01-10 22:37:01
533,Zlobin,45.2924,14.6541,40.3,49,0,11.5,HR,2023-01-10 22:37:02
534,Tabatinga,-4.2525,-69.9381,86.0,66,40,8.05,BR,2023-01-10 22:37:02
535,Kieta,-6.2167,155.6333,83.66,73,92,3.09,PG,2023-01-10 22:37:03
536,Talcahuano,-36.7167,-73.1167,67.68,45,0,17.27,CL,2023-01-10 22:36:35
537,Komsomolets,53.7453,62.0708,2.52,84,69,12.62,KZ,2023-01-10 22:37:04
538,Saint-Augustin,51.226,-58.6502,9.43,80,100,11.65,CA,2023-01-10 22:37:04
539,Puerto Del Rosario,28.5004,-13.8627,67.75,77,20,12.66,ES,2023-01-10 22:37:05
540,Faya,18.3851,42.4509,51.91,80,0,3.29,SA,2023-01-10 22:37:05
541,Bugama,4.7341,6.8635,71.94,80,92,7.25,NG,2023-01-10 22:37:06
542,Damietta,31.4165,31.8133,60.69,71,1,10.25,EG,2023-01-10 22:37:06
543,Juegang,32.3174,121.1855,44.98,84,0,6.76,CN,2023-01-10 22:37:06
544,Tshikapa,-6.4167,20.8,69.48,98,99,3.47,CD,2023-01-10 22:37:07
545,Mnogovershinnyy,53.9353,139.9242,-7.37,99,99,2.39,RU,2023-01-10 22:37:07
546,Cockburn Town,21.4612,-71.1419,77.27,73,6,13.27,TC,2023-01-10 22:37:08
547,Lahat,-3.8,103.5333,70.07,93,47,2.57,ID,2023-01-10 22:37:08
548,Vaitape,-16.5167,-151.75,78.89,79,100,10.83,PF,2023-01-10 22:37:09
549,Igdir,39.9237,44.045,22.19,73,40,10.36,TR,2023-01-10 22:37:09
550,Sisimiut,66.9395,-53.6735,2.01,89,17,10.16,GL,2023-01-10 22:38:10
551,Maihar,24.2667,80.75,51.42,40,0,1.05,IN,2023-01-10 22:38:11
552,Smithers,54.7804,-127.1743,32.32,100,75,2.3,CA,2023-01-10 22:38:11
553,Wattegama,6.7989,81.4808,65.01,93,1,4.79,LK,2023-01-10 22:38:12
